<lxs>
    <scene root="root" axis_length="5"/>

    <views default="free_cam">
        <perspective id="free_cam" near="0.1" far="300" angle="45">
            <from x="90" y="50" z="90" />
            <to x="0" y="2" z="0" />
        </perspective>

        <perspective id="player_A" near="0.1" far="500" angle="45">
            <from x="8" y="8" z="-8" />
            <to x="0" y="2" z="0" />
        </perspective>

        <perspective id="player_B" near="0.1" far="500" angle="45">
            <from x="-8" y="8" z="8" />
            <to x="0" y="2" z="0" />
        </perspective>
    </views>

    <globals>
        <ambient r="0.2" g="0.2" b="0.2" a="1.0" />
        <background r="0.0" g="0.0" b="0.0" a="1.0" />
    </globals>

    <lights>
        <omni id="sun_light" enabled="1">
            <location x="10" y="50" z="30" w="1.0" />
            <ambient r="0" g="0" b="0" a="1.0" />
            <diffuse r="1.0" g="1.0" b="1.0" a="1.0" />
            <specular r="1.0" g="1.0" b="1.0" a="1.0" />
            <attenuation constant="1" linear="0" quadratic="0" />
        </omni>
    </lights>

    <textures>
        <texture id="chess_bot_text"    file="scenes/images/chess_bot.jpg" />
        <texture id="stadium_top_text"    file="scenes/images/stadium_top.jpg" />
        <texture id="stadium_side_text"    file="scenes/images/stadium_side.png" />

        <texture id="stone_text"    file="scenes/images/stone.jpg" />
    </textures>

    <materials>
        <material id="white" shininess="10">
            <emission r="0.0" g="0.0" b="0.0" a="1.0" />
            <ambient  r="0.1" g="0.1" b="0.1" a="1.0" />
            <diffuse  r="1.0" g="1.0" b="1.0" a="1.0" />
            <specular r="1.0" g="1.0" b="1.0" a="1.0" />
        </material>

        <material id="wood" shininess="76.8">
            <emission r="0.0" g="0.0" b="0.0" a="0.0" />
            <ambient r="0.25" g="0.148" b="0.06475" a="1.0" />
            <diffuse  r="0.4" g="0.2368" b="0.1036" a="1.0" />
            <specular  r="0.0774597" g="0.0458561" b="0.0200621" a="1.0" />
        </material>

        <material id="stone" shininess="76.8">
            <emission r="0.0" g="0.0" b="0.0" a="0.0" />
            <ambient r="0.151" g="0.148" b="0.148" a="1.0" />
            <diffuse  r="0.2368" g="0.2368" b="0.2368" a="1.0" />
            <specular  r="0.0774597" g="0.0774597" b="0.0774597" a="1.0" />
        </material>

        <material id="metal" shininess="51.2">
            <emission r="0.0" g="0.0" b="0.0" a="0.0" />
            <ambient r="0.19225" g="0.19225" b="0.19225" a="1.0" />
            <diffuse  r="0.50754" g="0.50754" b="0.50754" a="1.0" />
            <specular  r="0.508273" g="0.508273" b="0.508273" a="1.0" />
        </material>

        <material id="white_piece" shininess="11.264">
            <emission r="0.0" g="0.0" b="0.0" a="0.0" />
            <ambient r="0.25" g="0.20725" b="0.20725" a="0.922" />
            <diffuse  r="1.0" g="0.829" b="0.829" a="0.922" />
            <specular  r="0.296648" g="0.296648" b="0.296648" a="0.922" />
        </material>

        <material id="black_piece" shininess="38.4">
            <emission r="0.0" g="0.0" b="0.0" a="0.0" />
            <ambient r="0.05375" g="0.05" b="0.06625" a="0.82" />
            <diffuse  r="0.18275" g="0.17" b="0.22525" a="0.82" />
            <specular  r="0.332741" g="0.328634" b="0.346435" a="0.82" />
        </material>
    </materials>

    <transformations>
    </transformations>

    <animations>
    </animations>

    <primitives>
        <primitive id="square">
            <rectangle x1="-0.5" y1="-0.5" x2="0.5" y2="0.5" />
        </primitive>

        <primitive id="sphere">
            <sphere radius="1" slices="30" stacks="30"/>
        </primitive>

        <primitive id="triangle">
            <triangle x1="1" y1="0" z1="0" x2="0" y2="1.414" z2="0" x3="-1" y3="0" z3="0"/>
        </primitive>

        <primitive id="shield_bot_front">
            <triangle x1="0" y1="-2" z1="0" x2="1" y2="0" z2="0" x3="-1" y3="0" z3="0"/>
        </primitive>

        <primitive id="shield_bot_back">
            <triangle x1="0" y1="-2" z1="0" x2="-1" y2="0" z2="0" x3="1" y3="0" z3="0"/>
        </primitive>

        <primitive id="shield_top_front">
            <triangle x1="0" y1="1" z1="0" x2="-1" y2="0" z2="0" x3="1" y3="0" z3="0"/>
        </primitive>

        <primitive id="shield_top_back">
            <triangle x1="0" y1="1" z1="0" x2="1" y2="0" z2="0" x3="-1" y3="0" z3="0"/>
        </primitive>

        <primitive id="sword_bot_front">
            <triangle x1="0" y1="-2" z1="0" x2="0.3" y2="0" z2="0" x3="-0.3" y3="0" z3="0"/>
        </primitive>

        <primitive id="sword_bot_back">
            <triangle x1="0" y1="-2" z1="0" x2="-0.3" y2="0" z2="0" x3="0.3" y3="0" z3="0"/>
        </primitive>

        <primitive id="sword_top_front">
            <triangle x1="0" y1="0.5" z1="0" x2="-1" y2="0" z2="0" x3="1" y3="0" z3="0"/>
        </primitive>

        <primitive id="sword_top_back">
            <triangle x1="0" y1="0.5" z1="0" x2="1" y2="0" z2="0" x3="-1" y3="0" z3="0"/>
        </primitive>

        <primitive id="cylinder">
            <cylinder top="1" base="1" height="1" slices="30" stacks="10" />
        </primitive>

        <primitive id="base_bot">
            <cylinder top="1.5" base="1.5" height="0.5" slices="8" stacks="10" />
        </primitive>

        <primitive id="base_top">
            <cylinder top="1" base="1" height="1" slices="30" stacks="10" />
        </primitive>

        <primitive id="rook_base">
            <cylinder top="0.7" base="1" height="3" slices="8" stacks="10" />
        </primitive>

        <primitive id="body">
            <cylinder top="1" base="1" height="1" slices="4" stacks="10" />
        </primitive>

        <primitive id="leg_cylinder">
            <cylinder base="0.5" top="0.5" height="5" slices="30" stacks="30"/>
        </primitive>

        <primitive id="torus">
            <torus inner="0.1" outer="1" slices="30" loops="20" />
        </primitive>
    </primitives>

    <components>
        <component id="shield">
            <transformation>
            </transformation>
            <materials>
                <material id="inherit" />
            </materials>
            <texture id="inherit" />
            <children>
                <primitiveref id="shield_top_back" />
                <primitiveref id="shield_top_front" />
                <primitiveref id="shield_bot_back" />
                <primitiveref id="shield_bot_front" />
            </children>
            </component>
        <component id="sword">
            <transformation>
            </transformation>
            <materials>
                <material id="inherit" />
            </materials>
            <texture id="inherit" />
            <children>
                <primitiveref id="sword_top_back" />
                <primitiveref id="sword_top_front" />
                <primitiveref id="sword_bot_back" />
                <primitiveref id="sword_bot_front" />
            </children>
            </component>
        <component id="staff">
            <transformation>
                <scale x="0.1" y="2.5" z="0.1" />
                <rotate axis="x" angle="-90" />
            </transformation>
            <materials>
                <material id="inherit" />
            </materials>
            <texture id="inherit" />
            <children>
                <primitiveref id="cylinder" />
            </children>
            </component>
        <!-- BASE -->
            <component id="base">
                <transformation>
                    <rotate axis="x" angle="-90" />
                </transformation>
                <materials>
                    <material id="inherit" />
                </materials>
                <texture id="inherit" />
                <children>
                    <componentref id="base_top" />
                    <componentref id="base_bot" />
                </children>
                </component>
            <component id="base_top">
                <transformation>
                    <translate x="0" y="0" z="-1" />
                </transformation>
                <materials>
                    <material id="inherit" />
                </materials>
                <texture id="inherit" />
                <children>
                    <primitiveref id="base_top" />
                </children>
                </component>
            <component id="base_bot">
                <transformation>
                    <translate x="0" y="0" z="-1.5" />
                </transformation>
                <materials>
                    <material id="inherit" />
                </materials>
                <texture id="inherit" />
                <children>
                    <primitiveref id="base_bot" />
                </children>
                </component>
        <!-- PAWN -->
            <component id="pawn">
                <transformation>
                    <translate x="0" y="1.5" z="0" />
                </transformation>
                <materials>
                    <material id="inherit" />
                </materials>
                <texture id="inherit" />
                <children>
                    <componentref id="pawn_head" />
                    <componentref id="pawn_body" />
                    <componentref id="pawn_shield" />
                    <componentref id="base" />
                </children>
                </component>
            <component id="pawn_shield">
                <transformation>
                    <translate x="0.75" y="2" z="0.5" />
                    <rotate axis="y" angle="70" />
                    <rotate axis="x" angle="-10" />
                </transformation>
                <materials>
                    <material id="inherit" />
                </materials>
                <texture id="inherit" />
                <children>
                    <componentref id="shield" />
                </children>
                </component>
            <component id="pawn_body">
                <transformation>
                    <translate x="0" y="1" z="0" />
                </transformation>
                <materials>
                    <material id="inherit" />
                </materials>
                <texture id="inherit" />
                <children>
                    <primitiveref id="sphere" />
                </children>
                </component>
            <component id="pawn_head">
                <transformation>
                    <translate x="0" y="2" z="0.5" />
                    <scale x="0.6" y="0.6" z="0.6" />
                </transformation>
                <materials>
                    <material id="inherit" />
                </materials>
                <texture id="inherit" />
                <children>
                    <primitiveref id="sphere" />
                </children>
                </component>
        <!-- ROOK -->
            <component id="rook">
                <transformation>
                </transformation>
                <materials>
                    <material id="inherit" />
                </materials>
                <texture id="inherit" />
                <children>
                    <componentref id="rook_base" />
                    <componentref id="rook_body" />
                    <componentref id="rook_arm0_0" />
                    <componentref id="rook_arm0_1" />
                    <componentref id="rook_arm1_0" />
                    <componentref id="rook_arm1_1" />
                    <componentref id="rook_shield" />
                    <componentref id="rook_sword" />
                    <componentref id="rook_head" />
                </children>
                </component>
            <component id="rook_base">
                <transformation>
                    <rotate axis="x" angle="-90" />
                </transformation>
                <materials>
                    <material id="inherit" />
                </materials>
                <texture id="inherit" />
                <children>
                    <primitiveref id="rook_base" />
                </children>
                </component>
            <component id="rook_arm0_0">
                <transformation>
                    <translate x="-0.7" y="4" z="0" />
                    <rotate axis="y" angle="15" />
                    <rotate axis="x" angle="-90" />
                    <scale x="0.2" y="0.2" z="1" />
                </transformation>
                <materials>
                    <material id="inherit" />
                </materials>
                <texture id="inherit" />
                <children>
                    <primitiveref id="body" />
                </children>
                </component>
            <component id="rook_arm0_1">
                <transformation>
                    <translate x="-0.7" y="4" z="0" />
                    <rotate axis="y" angle="15" />
                    <scale x="0.2" y="0.2" z="1" />
                </transformation>
                <materials>
                    <material id="inherit" />
                </materials>
                <texture id="inherit" />
                <children>
                    <primitiveref id="body" />
                </children>
                </component>
            <component id="rook_arm1_0">
                <transformation>
                    <translate x="0.7" y="4" z="0" />
                    <rotate axis="y" angle="-15" />
                    <rotate axis="x" angle="-90" />
                    <scale x="0.2" y="0.2" z="1" />
                </transformation>
                <materials>
                    <material id="inherit" />
                </materials>
                <texture id="inherit" />
                <children>
                    <primitiveref id="body" />
                </children>
                </component>
            <component id="rook_arm1_1">
                <transformation>
                    <translate x="0.7" y="4" z="0" />
                    <rotate axis="y" angle="-15" />
                    <scale x="0.2" y="0.2" z="1" />
                </transformation>
                <materials>
                    <material id="inherit" />
                </materials>
                <texture id="inherit" />
                <children>
                    <primitiveref id="body" />
                </children>
                </component>
            <component id="rook_shield">
                <transformation>
                    <translate x="0.8" y="4.5" z="0.5" />
                    <rotate axis="y" angle="70" />
                    <rotate axis="x" angle="-10" />
                </transformation>
                <materials>
                    <material id="inherit" />
                </materials>
                <texture id="inherit" />
                <children>
                    <componentref id="shield" />
                </children>
                </component>
            <component id="rook_sword">
                <transformation>
                    <translate x="-0.25" y="4" z="1.2" />
                    <rotate axis="y" angle="-20" />
                    <rotate axis="z" angle="90" />
                </transformation>
                <materials>
                    <material id="inherit" />
                </materials>
                <texture id="inherit" />
                <children>
                    <componentref id="sword" />
                </children>
                </component>
            <component id="rook_body">
                <transformation>
                    <translate x="0" y="3" z="0" />
                    <scale x="0.6" y="2" z="0.4" />
                    <rotate axis="y" angle="60" />
                    <rotate axis="x" angle="-90" />
                </transformation>
                <materials>
                    <material id="inherit" />
                </materials>
                <texture id="inherit" />
                <children>
                    <primitiveref id="body" />
                </children>
                </component>
            <component id="rook_head">
                <transformation>
                    <translate x="0" y="5.5" z="0" />
                    <scale x="0.6" y="0.6" z="0.6" />
                </transformation>
                <materials>
                    <material id="inherit" />
                </materials>
                <texture id="inherit" />
                <children>
                    <primitiveref id="sphere" />
                </children>
                </component>
        <!-- KNIGHT -->
            <component id="knight">
                <transformation>
                    <translate x="0" y="1.5" z="0" />
                </transformation>
                <materials>
                    <material id="inherit" />
                </materials>
                <texture id="inherit" />
                <children>
                    <componentref id="knight_head0" />
                    <componentref id="knight_head1" />
                    <componentref id="knight_body" />
                    <componentref id="knight_leg0" />
                    <componentref id="knight_leg1" />
                    <componentref id="knight_leg2" />
                    <componentref id="knight_leg3" />
                    <componentref id="base" />
                </children>
                </component>
            <component id="knight_body">
                <transformation>
                    <translate x="0" y="1" z="-1" />
                    <rotate axis="x" angle="60" />
                    <scale x="0.5" y="3" z="0.5" />
                    <rotate axis="x" angle="-90" />
                </transformation>
                <materials>
                    <material id="inherit" />
                </materials>
                <texture id="inherit" />
                <children>
                    <primitiveref id="cylinder" />
                </children>
                </component>
            <component id="knight_head0">
                <transformation>
                    <translate x="0" y="2.5" z="1" />
                    <rotate axis="x" angle="-30" />
                    <scale x="0.5" y="1.25" z="0.5" />
                    <rotate axis="x" angle="-90" />
                </transformation>
                <materials>
                    <material id="inherit" />
                </materials>
                <texture id="inherit" />
                <children>
                    <primitiveref id="cylinder" />
                </children>
                </component>
            <component id="knight_head1">
                <transformation>
                    <translate x="0" y="4" z="0.5" />
                    <rotate axis="x" angle="60" />
                    <scale x="0.3" y="1.25" z="0.3" />
                    <rotate axis="x" angle="-90" />
                </transformation>
                <materials>
                    <material id="inherit" />
                </materials>
                <texture id="inherit" />
                <children>
                    <primitiveref id="cylinder" />
                </children>
                </component>
            <component id="knight_leg0">
                <transformation>
                    <translate x="0.4" y="0" z="-0.1" />
                    <rotate axis="x" angle="-20" />
                    <scale x="0.2" y="1" z="0.2" />
                    <rotate axis="x" angle="-90" />
                </transformation>
                <materials>
                    <material id="inherit" />
                </materials>
                <texture id="inherit" />
                <children>
                    <primitiveref id="cylinder" />
                </children>
                </component>
            <component id="knight_leg1">
                <transformation>
                    <translate x="-0.4" y="0" z="-0.1" />
                    <rotate axis="x" angle="-20" />
                    <scale x="0.2" y="1" z="0.2" />
                    <rotate axis="x" angle="-90" />
                </transformation>
                <materials>
                    <material id="inherit" />
                </materials>
                <texture id="inherit" />
                <children>
                    <primitiveref id="cylinder" />
                </children>
                </component>
            <component id="knight_leg2">
                <transformation>
                    <translate x="0.4" y="1" z="1.4" />
                    <rotate axis="x" angle="-20" />
                    <scale x="0.2" y="1" z="0.2" />
                    <rotate axis="x" angle="-90" />
                </transformation>
                <materials>
                    <material id="inherit" />
                </materials>
                <texture id="inherit" />
                <children>
                    <primitiveref id="cylinder" />
                </children>
                </component>
            <component id="knight_leg3">
                <transformation>
                    <translate x="-0.4" y="1" z="1.4" />
                    <rotate axis="x" angle="-20" />
                    <scale x="0.2" y="1" z="0.2" />
                    <rotate axis="x" angle="-90" />
                </transformation>
                <materials>
                    <material id="inherit" />
                </materials>
                <texture id="inherit" />
                <children>
                    <primitiveref id="cylinder" />
                </children>
                </component>    
        <!-- BISHOP -->
            <component id="bishop">
                <transformation>
                    <translate x="0" y="1.5" z="0" />
                </transformation>
                <materials>
                    <material id="inherit" />
                </materials>
                <texture id="inherit" />
                <children>
                    <componentref id="bishop_head" />
                    <componentref id="bishop_body" />
                    <componentref id="bishop_arm0_0" />
                    <componentref id="bishop_arm0_1" />
                    <componentref id="bishop_arm1_0" />
                    <componentref id="bishop_arm1_1" />
                    <componentref id="bishop_staff" />
                    <componentref id="base" />
                </children>
                </component>
            <component id="bishop_body">
                <transformation>
                    <translate x="0" y="0" z="0" />
                    <scale x="0.8" y="3" z="0.3" />
                    <rotate axis="y" angle="60" />
                    <rotate axis="x" angle="-90" />
                </transformation>
                <materials>
                    <material id="inherit" />
                </materials>
                <texture id="inherit" />
                <children>
                    <primitiveref id="body" />
                </children>
                </component>
            <component id="bishop_arm0_0">
                <transformation>
                    <translate x="-1.3" y="2.3" z="0.2" />
                    <rotate axis="y" angle="-65" />
                    <rotate axis="x" angle="-160" />
                    <scale x="0.2" y="0.2" z="1" />
                </transformation>
                <materials>
                    <material id="inherit" />
                </materials>
                <texture id="inherit" />
                <children>
                    <primitiveref id="body" />
                </children>
                </component>
            <component id="bishop_arm0_1">
                <transformation>
                    <translate x="-1.3" y="2.3" z="0.2" />
                    <rotate axis="y" angle="-65" />
                    <rotate axis="x" angle="-90" />
                    <scale x="0.2" y="0.2" z="1" />
                </transformation>
                <materials>
                    <material id="inherit" />
                </materials>
                <texture id="inherit" />
                <children>
                    <primitiveref id="body" />
                </children>
                </component>
            <component id="bishop_arm1_0">
                <transformation>
                    <translate x="1.3" y="2.3" z="0.2" />
                    <rotate axis="y" angle="65" />
                    <rotate axis="x" angle="-160" />
                    <scale x="0.2" y="0.2" z="1" />
                </transformation>
                <materials>
                    <material id="inherit" />
                </materials>
                <texture id="inherit" />
                <children>
                    <primitiveref id="body" />
                </children>
                </component>
            <component id="bishop_arm1_1">
                <transformation>
                    <translate x="1.3" y="2.3" z="0.2" />
                    <rotate axis="y" angle="65" />
                    <rotate axis="z" angle="40" />
                    <rotate axis="x" angle="-90" />
                    <scale x="0.2" y="0.2" z="1" />
                </transformation>
                <materials>
                    <material id="inherit" />
                </materials>
                <texture id="inherit" />
                <children>
                    <primitiveref id="body" />
                </children>
                </component>
            <component id="bishop_head">
                <transformation>
                    <translate x="0" y="3.5" z="0" />
                    <scale x="0.6" y="0.6" z="0.6" />
                </transformation>
                <materials>
                    <material id="inherit" />
                </materials>
                <texture id="inherit" />
                <children>
                    <primitiveref id="sphere" />
                </children>
                </component>
            <component id="bishop_staff">
                <transformation>
                    <translate x="1" y="0" z="0.8" />
                    <scale x="1" y="2" z="1" />
                </transformation>
                <materials>
                    <material id="inherit" />
                </materials>
                <texture id="inherit" />
                <children>
                    <componentref id="staff" />
                </children>
                </component>
        <!-- QUEEN -->
            <component id="queen">
                <transformation>
                    <translate x="0" y="1.5" z="0" />
                </transformation>
                <materials>
                    <material id="inherit" />
                </materials>
                <texture id="inherit" />
                <children>
                    <componentref id="queen_head" />
                    <componentref id="queen_body" />
                    <componentref id="queen_arm0_0" />
                    <componentref id="queen_arm0_1" />
                    <componentref id="queen_arm1_0" />
                    <componentref id="queen_arm1_1" />
                    <componentref id="queen_staff" />
                    <componentref id="base" />
                </children>
                </component>
            <component id="queen_body">
                <transformation>
                    <translate x="0" y="0" z="0" />
                    <scale x="0.8" y="3" z="0.3" />
                    <rotate axis="y" angle="60" />
                    <rotate axis="x" angle="-90" />
                </transformation>
                <materials>
                    <material id="inherit" />
                </materials>
                <texture id="inherit" />
                <children>
                    <primitiveref id="body" />
                </children>
                </component>
            <component id="queen_arm0_0">
                <transformation>
                    <translate x="-0.8" y="2" z="0" />
                    <rotate axis="y" angle="45" />
                    <rotate axis="x" angle="-90" />
                    <scale x="0.2" y="0.2" z="1" />
                </transformation>
                <materials>
                    <material id="inherit" />
                </materials>
                <texture id="inherit" />
                <children>
                    <primitiveref id="body" />
                </children>
                </component>
            <component id="queen_arm0_1">
                <transformation>
                    <translate x="-0.8" y="2" z="0" />
                    <rotate axis="x" angle="-20" />
                    <rotate axis="y" angle="45" />
                    <scale x="0.2" y="0.2" z="1" />
                </transformation>
                <materials>
                    <material id="inherit" />
                </materials>
                <texture id="inherit" />
                <children>
                    <primitiveref id="body" />
                </children>
                </component>
            <component id="queen_arm1_0">
                <transformation>
                    <translate x="0.8" y="2" z="0" />
                    <rotate axis="y" angle="-45" />
                    <rotate axis="x" angle="-90" />
                    <scale x="0.2" y="0.2" z="1" />
                </transformation>
                <materials>
                    <material id="inherit" />
                </materials>
                <texture id="inherit" />
                <children>
                    <primitiveref id="body" />
                </children>
                </component>
            <component id="queen_arm1_1">
                <transformation>
                    <translate x="0.8" y="2" z="0" />
                    <rotate axis="x" angle="-20" />
                    <rotate axis="y" angle="-45" />
                    <scale x="0.2" y="0.2" z="1" />
                </transformation>
                <materials>
                    <material id="inherit" />
                </materials>
                <texture id="inherit" />
                <children>
                    <primitiveref id="body" />
                </children>
                </component>
            <component id="queen_head">
                <transformation>
                    <translate x="0" y="3.5" z="0" />
                    <scale x="0.6" y="0.6" z="0.6" />
                </transformation>
                <materials>
                    <material id="inherit" />
                </materials>
                <texture id="inherit" />
                <children>
                    <primitiveref id="sphere" />
                </children>
                </component>
            <component id="queen_staff">
                <transformation>
                    <translate x="0" y="0" z="0.8" />
                </transformation>
                <materials>
                    <material id="inherit" />
                </materials>
                <texture id="inherit" />
                <children>
                    <componentref id="staff" />
                </children>
                </component>
        <!-- KING -->
            <component id="king">
                <transformation>
                    <translate x="0" y="1.5" z="0" />
                </transformation>
                <materials>
                    <material id="inherit" />
                </materials>
                <texture id="inherit" />
                <children>
                    <componentref id="king_head" />
                    <componentref id="king_body" />
                    <componentref id="king_arm0_0" />
                    <componentref id="king_arm0_1" />
                    <componentref id="king_arm1_0" />
                    <componentref id="king_arm1_1" />
                    <componentref id="king_sword" />
                    <componentref id="base" />
                </children>
                </component>
            <component id="king_body">
                <transformation>
                    <translate x="0" y="0" z="0" />
                    <scale x="0.8" y="3" z="0.3" />
                    <rotate axis="y" angle="60" />
                    <rotate axis="x" angle="-90" />
                </transformation>
                <materials>
                    <material id="inherit" />
                </materials>
                <texture id="inherit" />
                <children>
                    <primitiveref id="body" />
                </children>
                </component>
            <component id="king_arm0_0">
                <transformation>
                    <translate x="-0.8" y="2" z="0" />
                    <rotate axis="y" angle="45" />
                    <rotate axis="x" angle="-90" />
                    <scale x="0.2" y="0.2" z="1" />
                </transformation>
                <materials>
                    <material id="inherit" />
                </materials>
                <texture id="inherit" />
                <children>
                    <primitiveref id="body" />
                </children>
                </component>
            <component id="king_arm0_1">
                <transformation>
                    <translate x="-0.8" y="2" z="0" />
                    <rotate axis="x" angle="-20" />
                    <rotate axis="y" angle="45" />
                    <scale x="0.2" y="0.2" z="1" />
                </transformation>
                <materials>
                    <material id="inherit" />
                </materials>
                <texture id="inherit" />
                <children>
                    <primitiveref id="body" />
                </children>
                </component>
            <component id="king_arm1_0">
                <transformation>
                    <translate x="0.8" y="2" z="0" />
                    <rotate axis="y" angle="-45" />
                    <rotate axis="x" angle="-90" />
                    <scale x="0.2" y="0.2" z="1" />
                </transformation>
                <materials>
                    <material id="inherit" />
                </materials>
                <texture id="inherit" />
                <children>
                    <primitiveref id="body" />
                </children>
                </component>
            <component id="king_arm1_1">
                <transformation>
                    <translate x="0.8" y="2" z="0" />
                    <rotate axis="x" angle="-20" />
                    <rotate axis="y" angle="-45" />
                    <scale x="0.2" y="0.2" z="1" />
                </transformation>
                <materials>
                    <material id="inherit" />
                </materials>
                <texture id="inherit" />
                <children>
                    <primitiveref id="body" />
                </children>
                </component>
            <component id="king_head">
                <transformation>
                    <translate x="0" y="3.5" z="0" />
                    <scale x="0.6" y="0.6" z="0.6" />
                </transformation>
                <materials>
                    <material id="inherit" />
                </materials>
                <texture id="inherit" />
                <children>
                    <primitiveref id="sphere" />
                </children>
                </component>
            <component id="king_sword">
                <transformation>
                    <translate x="0" y="1.8" z="0.8" />
                </transformation>
                <materials>
                    <material id="inherit" />
                </materials>
                <texture id="inherit" />
                <children>
                    <componentref id="sword" />
                </children>
                </component>
        <!-- SKYBOX -->
            <component id="skybox">
                <transformation>
                    <translate x="0" y="45" z="0"/>
                    <scale x="180" y="100" z="180" />
                </transformation>
                <materials>
                    <material id="white" />
                </materials>
                <texture id="inherit" />
                <children>
                    <componentref id="sky_side0" />
                    <componentref id="sky_side1" />
                    <componentref id="sky_side2" />
                    <componentref id="sky_side3" />
                    <componentref id="sky_top" />
                    <componentref id="sky_bot" />
                </children>
                </component>
            <component id="sky_bot">
                <transformation>
                    <rotate axis="y" angle="-90" />
                    <translate x="0" y="-0.5" z="0" />
                    <rotate axis="x" angle="-90" />
                </transformation>
                <materials>
                    <material id="inherit" />
                </materials>
                <texture id="chess_bot_text" length_s="1" length_t="1" />
                <children>
                    <primitiveref id="square" />
                </children>
                </component>        
            <component id="sky_top">
                <transformation>
                    <translate x="0" y="0.5" z="0" />
                    <rotate axis="y" angle="180" />
                    <rotate axis="x" angle="90" />
                </transformation>
                <materials>
                    <material id="inherit" />
                </materials>
                <texture id="stadium_top_text" length_s="1" length_t="1" />
                <children>
                    <primitiveref id="square" />
                </children>
                </component>            
            <component id="sky_side2">
                <transformation>
                    <translate x="-0.5" y="0" z="0" />
                    <rotate axis="y" angle="90" />
                </transformation>
                <materials>
                    <material id="inherit" />
                </materials>
                <texture id="stadium_side_text" length_s="1" length_t="1" />
                <children>
                    <primitiveref id="square" />
                </children>
                </component>            
            <component id="sky_side3">
                <transformation>
                    <translate x="0.5" y="0" z="0" />
                    <rotate axis="y" angle="-90" />
                </transformation>
                <materials>
                    <material id="inherit" />
                </materials>
                <texture id="stadium_side_text" length_s="1" length_t="1" />
                <children>
                    <primitiveref id="square" />
                </children>
                </component>            
            <component id="sky_side1">
                <transformation>
                    <translate x="0" y="0" z="0.5" />
                    <rotate axis="y" angle="180" />
                </transformation>
                <materials>
                    <material id="inherit" />
                </materials>
                <texture id="stadium_side_text" length_s="1" length_t="1" />
                <children>
                    <primitiveref id="square" />
                </children>
                </component>            
            <component id="sky_side0">
                <transformation>
                    <translate x="0" y="0" z="-0.5" />
                </transformation>
                <materials>
                    <material id="inherit" />
                </materials>
                <texture id="stadium_side_text" length_s="1" length_t="1" />
                <children>
                    <primitiveref id="square" />
                </children>
                </component>
        <!-- TABLE -->
            <component id="table">
                <transformation>
                    <translate x="0" y="-5.01" z="0" />
                    <scale x="1" y="1" z="1" />
                </transformation>
                <materials>
                    <material id="stone" />
                </materials>
                <texture id="stone_text" length_s="3" length_t="3" />
                <children>
                    <componentref id="table_leg0" />
                    <componentref id="table_leg1" />
                    <componentref id="table_leg2" />
                    <componentref id="table_leg3" />
                    <componentref id="table_top" />
                </children>
                </component>
            <component id="table_leg0">
                <transformation>
                    <translate x="3.5" y="0" z="-3.5" />
                    <rotate axis="x" angle="-90" />
                </transformation>
                <materials>
                    <material id="inherit" />
                </materials>
                <texture id="inherit" length_s="1" length_t="1" />
                <children>
                    <primitiveref id="leg_cylinder" />
                </children>
                </component>
            <component id="table_leg1">
                <transformation>
                    <translate x="-3.5" y="0" z="-3.5" />
                    <rotate axis="x" angle="-90" />
                </transformation>
                <materials>
                    <material id="inherit" />
                </materials>
                <texture id="inherit" length_s="1" length_t="1" />
                <children>
                    <primitiveref id="leg_cylinder" />
                </children>
                </component>
            <component id="table_leg2">
                <transformation>
                    <translate x="-3.5" y="0" z="3.5" />
                    <rotate axis="x" angle="-90" />
                </transformation>
                <materials>
                    <material id="inherit" />
                </materials>
                <texture id="inherit" length_s="1" length_t="1" />
                <children>
                    <primitiveref id="leg_cylinder" />
                </children>
                </component>
            <component id="table_leg3">
                <transformation>
                    <translate x="3.5" y="0" z="3.5" />
                    <rotate axis="x" angle="-90" />
                </transformation>
                <materials>
                    <material id="inherit" />
                </materials>
                <texture id="inherit" length_s="1" length_t="1" />
                <children>
                    <primitiveref id="leg_cylinder" />
                </children>
                </component>
            <component id="table_top">
                <transformation>
                    <scale x="10" y="1" z="10" />
                    <translate x="0" y="5" z="0" />
                    <rotate axis="x" angle="-90" />
                </transformation>
                <materials>
                    <material id="inherit" />
                </materials>
                <texture id="inherit" length_s="1" length_t="1" />
                <children>
                    <componentref id="cube" />
                </children>
                </component>
        <!-- CUBE -->
            <component id="cube">
                <transformation>
                </transformation>
                <materials>
                    <material id="inherit" />
                </materials>
                <texture id="inherit" />
                <children>
                    <componentref id="cube_side0" />
                    <componentref id="cube_side1" />
                    <componentref id="cube_side2" />
                    <componentref id="cube_side3" />
                    <componentref id="cube_top" />
                    <componentref id="cube_bot" />
                </children>
                </component>
            <component id="cube_side0">
                <transformation>
                    <translate x="0" y="0.5" z="0.5" />
                    <rotate axis="x" angle="-90" />
                </transformation>
                <materials>
                    <material id="inherit" />
                </materials>
                <texture id="inherit" />
                <children>
                    <primitiveref id="square" />
                </children>
                </component>
            <component id="cube_side1">
                <transformation>
                    <translate x="0" y="-0.5" z="0.5" />
                    <rotate axis="x" angle="90" />
                </transformation>
                <materials>
                    <material id="inherit" />
                </materials>
                <texture id="inherit" />
                <children>
                    <primitiveref id="square" />
                </children>
                </component>
            <component id="cube_side2">
                <transformation>
                    <translate x="0.5" y="0" z="0.5" />
                    <rotate axis="y" angle="90" />
                </transformation>
                <materials>
                    <material id="inherit" />
                </materials>
                <texture id="inherit" />
                <children>
                    <primitiveref id="square" />
                </children>
                </component>
            <component id="cube_side3">
                <transformation>
                    <translate x="-0.5" y="0" z="0.5" />
                    <rotate axis="y" angle="-90" />
                </transformation>
                <materials>
                    <material id="inherit" />
                </materials>
                <texture id="inherit" />
                <children>
                    <primitiveref id="square" />
                </children>
                </component>
            <component id="cube_top">
                <transformation>
                    <rotate axis="x" angle="180" />
                </transformation>
                <materials>
                    <material id="inherit" />
                </materials>
                <texture id="inherit" />
                <children>
                    <primitiveref id="square" />
                </children>
                </component>
            <component id="cube_bot">
                <transformation>
                    <translate x="0" y="0" z="1" />
                </transformation>
                <materials>
                    <material id="inherit" />
                </materials>
                <texture id="inherit" />
                <children>
                    <primitiveref id="square" />
                </children>
                </component>
        <!-- WHITE -->
            <component id="white_pawn0">
                <transformation>
                    <translate x="-52" y="-5" z="-37" />
                    <scale x="3" y="3" z="3" />
                </transformation>
                <materials>
                    <material id="white_piece" />
                </materials>
                <texture id="stone_text" length_s="2" length_t="2" />
                <children>
                    <componentref id="pawn" />
                </children>
                </component>
            <component id="white_pawn1">
                <transformation>
                    <translate x="-38" y="-5" z="-37" />
                    <scale x="3" y="3" z="3" />
                </transformation>
                <materials>
                    <material id="white_piece" />
                </materials>
                <texture id="stone_text" length_s="2" length_t="2" />
                <children>
                    <componentref id="pawn" />
                </children>
                </component>
            <component id="white_pawn2">
                <transformation>
                    <translate x="-23" y="-5" z="-37" />
                    <scale x="3" y="3" z="3" />
                </transformation>
                <materials>
                    <material id="white_piece" />
                </materials>
                <texture id="stone_text" length_s="2" length_t="2" />
                <children>
                    <componentref id="pawn" />
                </children>
                </component>
            <component id="white_pawn3">
                <transformation>
                    <translate x="-8" y="-5" z="-37" />
                    <scale x="3" y="3" z="3" />
                </transformation>
                <materials>
                    <material id="white_piece" />
                </materials>
                <texture id="stone_text" length_s="2" length_t="2" />
                <children>
                    <componentref id="pawn" />
                </children>
                </component>
            <component id="white_pawn4">
                <transformation>
                    <translate x="7" y="-5" z="-37" />
                    <scale x="3" y="3" z="3" />
                </transformation>
                <materials>
                    <material id="white_piece" />
                </materials>
                <texture id="stone_text" length_s="2" length_t="2" />
                <children>
                    <componentref id="pawn" />
                </children>
                </component>
            <component id="white_pawn5">
                <transformation>
                    <translate x="22" y="-5" z="-37" />
                    <scale x="3" y="3" z="3" />
                </transformation>
                <materials>
                    <material id="white_piece" />
                </materials>
                <texture id="stone_text" length_s="2" length_t="2" />
                <children>
                    <componentref id="pawn" />
                </children>
                </component>
            <component id="white_pawn6">
                <transformation>
                    <translate x="37" y="-5" z="-37" />
                    <scale x="3" y="3" z="3" />
                </transformation>
                <materials>
                    <material id="white_piece" />
                </materials>
                <texture id="stone_text" length_s="2" length_t="2" />
                <children>
                    <componentref id="pawn" />
                </children>
                </component>
            <component id="white_pawn7">
                <transformation>
                    <translate x="51" y="-5" z="-37" />
                    <scale x="3" y="3" z="3" />
                </transformation>
                <materials>
                    <material id="white_piece" />
                </materials>
                <texture id="stone_text" length_s="2" length_t="2" />
                <children>
                    <componentref id="pawn" />
                </children>
                </component>
            <component id="white_rook0">
                <transformation>
                    <translate x="-52" y="-5" z="-53" />
                    <scale x="3" y="3" z="3" />
                </transformation>
                <materials>
                    <material id="white_piece" />
                </materials>
                <texture id="stone_text" length_s="2" length_t="2" />
                <children>
                    <componentref id="rook" />
                </children>
                </component>
            <component id="white_knight0">
                <transformation>
                    <translate x="-37" y="-5" z="-53" />
                    <scale x="3" y="3" z="3" />
                </transformation>
                <materials>
                    <material id="white_piece" />
                </materials>
                <texture id="stone_text" length_s="2" length_t="2" />
                <children>
                    <componentref id="knight" />
                </children>
                </component>
            <component id="white_bishop0">
                <transformation>
                    <translate x="-23" y="-5" z="-53" />
                    <scale x="3" y="3" z="3" />
                </transformation>
                <materials>
                    <material id="white_piece" />
                </materials>
                <texture id="stone_text" length_s="2" length_t="2" />
                <children>
                    <componentref id="bishop" />
                </children>
                </component>
            <component id="white_queen">
                <transformation>
                    <translate x="-8" y="-5" z="-53" />
                    <scale x="3" y="3" z="3" />
                </transformation>
                <materials>
                    <material id="white_piece" />
                </materials>
                <texture id="stone_text" length_s="2" length_t="2" />
                <children>
                    <componentref id="queen" />
                </children>
                </component>
            <component id="white_king">
                <transformation>
                    <translate x="7" y="-5" z="-53" />
                    <scale x="3" y="3" z="3" />
                </transformation>
                <materials>
                    <material id="white_piece" />
                </materials>
                <texture id="stone_text" length_s="2" length_t="2" />
                <children>
                    <componentref id="king" />
                </children>
                </component>
            <component id="white_bishop1">
                <transformation>
                    <translate x="22" y="-5" z="-53" />
                    <scale x="3" y="3" z="3" />
                </transformation>
                <materials>
                    <material id="white_piece" />
                </materials>
                <texture id="stone_text" length_s="2" length_t="2" />
                <children>
                    <componentref id="bishop" />
                </children>
                </component>
            <component id="white_knight1">
                <transformation>
                    <translate x="37" y="-5" z="-53" />
                    <scale x="3" y="3" z="3" />
                </transformation>
                <materials>
                    <material id="white_piece" />
                </materials>
                <texture id="stone_text" length_s="2" length_t="2" />
                <children>
                    <componentref id="knight" />
                </children>
                </component>
            <component id="white_rook1">
                <transformation>
                    <translate x="51" y="-5" z="-53" />
                    <scale x="3" y="3" z="3" />
                </transformation>
                <materials>
                    <material id="white_piece" />
                </materials>
                <texture id="stone_text" length_s="2" length_t="2" />
                <children>
                    <componentref id="rook" />
                </children>
                </component>
        
        <!-- BALCK -->
            <component id="black_pawn0">
                <transformation>
                    <translate x="-52" y="-5" z="37" />
                    <rotate axis="y" angle="180" />
                    <scale x="3" y="3" z="3" />
                </transformation>
                <materials>
                    <material id="black_piece" />
                </materials>
                <texture id="stone_text" length_s="2" length_t="2" />
                <children>
                    <componentref id="pawn" />
                </children>
                </component>
            <component id="black_pawn1">
                <transformation>
                    <translate x="-38" y="-5" z="37" />
                    <rotate axis="y" angle="180" />
                    <scale x="3" y="3" z="3" />
                </transformation>
                <materials>
                    <material id="black_piece" />
                </materials>
                <texture id="stone_text" length_s="2" length_t="2" />
                <children>
                    <componentref id="pawn" />
                </children>
                </component>
            <component id="black_pawn2">
                <transformation>
                    <translate x="-23" y="-5" z="37" />
                    <rotate axis="y" angle="180" />
                    <scale x="3" y="3" z="3" />
                </transformation>
                <materials>
                    <material id="black_piece" />
                </materials>
                <texture id="stone_text" length_s="2" length_t="2" />
                <children>
                    <componentref id="pawn" />
                </children>
                </component>
            <component id="black_pawn3">
                <transformation>
                    <translate x="-8" y="-5" z="37" />
                    <rotate axis="y" angle="180" />
                    <scale x="3" y="3" z="3" />
                </transformation>
                <materials>
                    <material id="black_piece" />
                </materials>
                <texture id="stone_text" length_s="2" length_t="2" />
                <children>
                    <componentref id="pawn" />
                </children>
                </component>
            <component id="black_pawn4">
                <transformation>
                    <translate x="7" y="-5" z="37" />
                    <rotate axis="y" angle="180" />
                    <scale x="3" y="3" z="3" />
                </transformation>
                <materials>
                    <material id="black_piece" />
                </materials>
                <texture id="stone_text" length_s="2" length_t="2" />
                <children>
                    <componentref id="pawn" />
                </children>
                </component>
            <component id="black_pawn5">
                <transformation>
                    <translate x="22" y="-5" z="37" />
                    <rotate axis="y" angle="180" />
                    <scale x="3" y="3" z="3" />
                </transformation>
                <materials>
                    <material id="black_piece" />
                </materials>
                <texture id="stone_text" length_s="2" length_t="2" />
                <children>
                    <componentref id="pawn" />
                </children>
                </component>
            <component id="black_pawn6">
                <transformation>
                    <translate x="37" y="-5" z="37" />
                    <rotate axis="y" angle="180" />
                    <scale x="3" y="3" z="3" />
                </transformation>
                <materials>
                    <material id="black_piece" />
                </materials>
                <texture id="stone_text" length_s="2" length_t="2" />
                <children>
                    <componentref id="pawn" />
                </children>
                </component>
            <component id="black_pawn7">
                <transformation>
                    <translate x="51" y="-5" z="37" />
                    <rotate axis="y" angle="180" />
                    <scale x="3" y="3" z="3" />
                </transformation>
                <materials>
                    <material id="black_piece" />
                </materials>
                <texture id="stone_text" length_s="2" length_t="2" />
                <children>
                    <componentref id="pawn" />
                </children>
                </component>
            <component id="black_rook0">
                <transformation>
                    <translate x="-52" y="-5" z="53" />
                    <rotate axis="y" angle="180" />
                    <scale x="3" y="3" z="3" />
                </transformation>
                <materials>
                    <material id="black_piece" />
                </materials>
                <texture id="stone_text" length_s="2" length_t="2" />
                <children>
                    <componentref id="rook" />
                </children>
                </component>
            <component id="black_knight0">
                <transformation>
                    <translate x="-37" y="-5" z="53" />
                    <rotate axis="y" angle="180" />
                    <scale x="3" y="3" z="3" />
                </transformation>
                <materials>
                    <material id="black_piece" />
                </materials>
                <texture id="stone_text" length_s="2" length_t="2" />
                <children>
                    <componentref id="knight" />
                </children>
                </component>
            <component id="black_bishop0">
                <transformation>
                    <translate x="-23" y="-5" z="53" />
                    <rotate axis="y" angle="180" />
                    <scale x="3" y="3" z="3" />
                </transformation>
                <materials>
                    <material id="black_piece" />
                </materials>
                <texture id="stone_text" length_s="2" length_t="2" />
                <children>
                    <componentref id="bishop" />
                </children>
                </component>
            <component id="black_queen">
                <transformation>
                    <translate x="-8" y="-5" z="53" />
                    <rotate axis="y" angle="180" />
                    <scale x="3" y="3" z="3" />
                </transformation>
                <materials>
                    <material id="black_piece" />
                </materials>
                <texture id="stone_text" length_s="2" length_t="2" />
                <children>
                    <componentref id="queen" />
                </children>
                </component>
            <component id="black_king">
                <transformation>
                    <translate x="7" y="-5" z="53" />
                    <rotate axis="y" angle="180" />
                    <scale x="3" y="3" z="3" />
                </transformation>
                <materials>
                    <material id="black_piece" />
                </materials>
                <texture id="stone_text" length_s="2" length_t="2" />
                <children>
                    <componentref id="king" />
                </children>
                </component>
            <component id="black_bishop1">
                <transformation>
                    <translate x="22" y="-5" z="53" />
                    <rotate axis="y" angle="180" />
                    <scale x="3" y="3" z="3" />
                </transformation>
                <materials>
                    <material id="black_piece" />
                </materials>
                <texture id="stone_text" length_s="2" length_t="2" />
                <children>
                    <componentref id="bishop" />
                </children>
                </component>
            <component id="black_knight1">
                <transformation>
                    <translate x="37" y="-5" z="53" />
                    <rotate axis="y" angle="180" />
                    <scale x="3" y="3" z="3" />
                </transformation>
                <materials>
                    <material id="black_piece" />
                </materials>
                <texture id="stone_text" length_s="2" length_t="2" />
                <children>
                    <componentref id="knight" />
                </children>
                </component>
            <component id="black_rook1">
                <transformation>
                    <translate x="51" y="-5" z="53" />
                    <rotate axis="y" angle="180" />
                    <scale x="3" y="3" z="3" />
                </transformation>
                <materials>
                    <material id="black_piece" />
                </materials>
                <texture id="stone_text" length_s="2" length_t="2" />
                <children>
                    <componentref id="rook" />
                </children>
                </component>
        <!-- ROOT -->
            <component id="root">
                <transformation>
                </transformation>
                <materials>
                    <material id="white" />
                </materials>
                <texture id="none" />
                <children>
                    <componentref id="skybox" />
                    <componentref id="table" />
                    <componentref id="white_pawn0" />
                    <componentref id="white_pawn1" />
                    <componentref id="white_pawn2" />
                    <componentref id="white_pawn3" />
                    <componentref id="white_pawn4" />
                    <componentref id="white_pawn5" />
                    <componentref id="white_pawn6" />
                    <componentref id="white_pawn7" />
                    <componentref id="white_rook0" />
                    <componentref id="white_knight0" />
                    <componentref id="white_bishop0" />
                    <componentref id="white_queen" />
                    <componentref id="white_king" />
                    <componentref id="white_bishop1" />
                    <componentref id="white_knight1" />
                    <componentref id="white_rook1" />

                    <componentref id="black_pawn0" />
                    <componentref id="black_pawn1" />
                    <componentref id="black_pawn2" />
                    <componentref id="black_pawn3" />
                    <componentref id="black_pawn4" />
                    <componentref id="black_pawn5" />
                    <componentref id="black_pawn6" />
                    <componentref id="black_pawn7" />
                    <componentref id="black_rook0" />
                    <componentref id="black_knight0" />
                    <componentref id="black_bishop0" />
                    <componentref id="black_queen" />
                    <componentref id="black_king" />
                    <componentref id="black_bishop1" />
                    <componentref id="black_knight1" />
                    <componentref id="black_rook1" />
                </children>
                </component>
    </components>
</lxs>